review,sentiment
The film presents a social issues through everyday lives in a moving manner.,positive
The portrayal of social issues through everyday lives was unsatisfactory.,negative
The film presents a gritty portrayal of poverty in a gripping manner.,positive
The film presents a social issues through everyday lives in a brilliant manner.,positive
The film presents a unsentimental realism in a powerful manner.,positive
The film presents a unsentimental realism in a gripping manner.,positive
The film explores authentic Italian cityscapes in a decent way.,neutral
The portrayal of unsentimental realism was disappointing.,negative
The film presents a unsentimental realism in a brilliant manner.,positive
The portrayal of social issues through everyday lives was predictable.,negative
The portrayal of political themes and class struggle was poor.,negative
The film presents a humanistic storytelling in a brilliant manner.,positive
The portrayal of authentic Italian cityscapes was disappointing.,negative
The film explores raw emotions of post-war Italy in a balanced way.,neutral
The portrayal of gritty portrayal of poverty was predictable.,negative
The film explores authentic Italian cityscapes in a decent way.,neutral
The portrayal of political themes and class struggle was boring.,negative
The portrayal of unsentimental realism was shallow.,negative
The film explores humanistic storytelling in a average way.,neutral
The film explores authentic Italian cityscapes in a balanced way.,neutral
The portrayal of political themes and class struggle was disappointing.,negative
The film presents a unsentimental realism in a gripping manner.,positive
The film presents a raw emotions of post-war Italy in a moving manner.,positive
The film explores non-professional actors in a neutral way.,neutral
The film explores political themes and class struggle in a decent way.,neutral
The film explores political themes and class struggle in a interesting way.,neutral
The film explores raw emotions of post-war Italy in a neutral way.,neutral
The film explores non-professional actors in a interesting way.,neutral
The portrayal of gritty portrayal of poverty was shallow.,negative
The film explores humanistic storytelling in a average way.,neutral
The portrayal of non-professional actors was disappointing.,negative
The film explores social issues through everyday lives in a balanced way.,neutral
The film explores unsentimental realism in a balanced way.,neutral
The film explores humanistic storytelling in a neutral way.,neutral
The film presents a non-professional actors in a gripping manner.,positive
The portrayal of humanistic storytelling was shallow.,negative
The portrayal of unsentimental realism was poor.,negative
The film explores unsentimental realism in a average way.,neutral
The portrayal of raw emotions of post-war Italy was boring.,negative
The film explores non-professional actors in a neutral way.,neutral
The film presents a authentic Italian cityscapes in a gripping manner.,positive
The film presents a authentic Italian cityscapes in a powerful manner.,positive
The portrayal of humanistic storytelling was disappointing.,negative
The film presents a gritty portrayal of poverty in a moving manner.,positive
The film presents a political themes and class struggle in a moving manner.,positive
The film explores authentic Italian cityscapes in a decent way.,neutral
The film explores authentic Italian cityscapes in a decent way.,neutral
The film presents a unsentimental realism in a brilliant manner.,positive
The film presents a non-professional actors in a powerful manner.,positive
The portrayal of non-professional actors was poor.,negative
The film explores authentic Italian cityscapes in a interesting way.,neutral
The portrayal of humanistic storytelling was boring.,negative
The film explores raw emotions of post-war Italy in a decent way.,neutral
The film explores social issues through everyday lives in a decent way.,neutral
The film explores non-professional actors in a balanced way.,neutral
The film presents a non-professional actors in a brilliant manner.,positive
The film explores authentic Italian cityscapes in a average way.,neutral
The film explores humanistic storytelling in a okay way.,neutral
The film presents a gritty portrayal of poverty in a brilliant manner.,positive
The portrayal of political themes and class struggle was predictable.,negative
The film explores gritty portrayal of poverty in a decent way.,neutral
The portrayal of non-professional actors was predictable.,negative
The portrayal of non-professional actors was poor.,negative
The film explores humanistic storytelling in a average way.,neutral
The portrayal of raw emotions of post-war Italy was poor.,negative
The film presents a social issues through everyday lives in a powerful manner.,positive
The film presents a unsentimental realism in a touching manner.,positive
The film explores humanistic storytelling in a decent way.,neutral
The portrayal of humanistic storytelling was unsatisfactory.,negative
The film presents a authentic Italian cityscapes in a moving manner.,positive
The portrayal of authentic Italian cityscapes was poor.,negative
The film presents a political themes and class struggle in a moving manner.,positive
The film presents a unsentimental realism in a powerful manner.,positive
The film presents a non-professional actors in a authentic manner.,positive
The portrayal of gritty portrayal of poverty was shallow.,negative
The film presents a unsentimental realism in a brilliant manner.,positive
The portrayal of authentic Italian cityscapes was predictable.,negative
The portrayal of political themes and class struggle was boring.,negative
The film presents a authentic Italian cityscapes in a moving manner.,positive
The portrayal of humanistic storytelling was boring.,negative
The film presents a gritty portrayal of poverty in a authentic manner.,positive
The film explores political themes and class struggle in a interesting way.,neutral
The film explores unsentimental realism in a neutral way.,neutral
The portrayal of raw emotions of post-war Italy was unsatisfactory.,negative
The portrayal of gritty portrayal of poverty was disappointing.,negative
The film explores authentic Italian cityscapes in a average way.,neutral
The film explores authentic Italian cityscapes in a interesting way.,neutral
The film presents a gritty portrayal of poverty in a powerful manner.,positive
The portrayal of raw emotions of post-war Italy was disappointing.,negative
The film presents a raw emotions of post-war Italy in a touching manner.,positive
The film explores gritty portrayal of poverty in a decent way.,neutral
The portrayal of social issues through everyday lives was shallow.,negative
The portrayal of humanistic storytelling was boring.,negative
The film presents a authentic Italian cityscapes in a gripping manner.,positive
The film presents a political themes and class struggle in a authentic manner.,positive
The film explores humanistic storytelling in a neutral way.,neutral
The film explores political themes and class struggle in a decent way.,neutral
The film presents a raw emotions of post-war Italy in a moving manner.,positive
The portrayal of unsentimental realism was disappointing.,negative
The film presents a political themes and class struggle in a touching manner.,positive
The film presents a social issues through everyday lives in a moving manner.,positive
The film presents a gritty portrayal of poverty in a brilliant manner.,positive
The film presents a gritty portrayal of poverty in a touching manner.,positive
The film explores raw emotions of post-war Italy in a okay way.,neutral
The film explores non-professional actors in a balanced way.,neutral
The portrayal of unsentimental realism was poor.,negative
The film explores raw emotions of post-war Italy in a average way.,neutral
The film presents a humanistic storytelling in a powerful manner.,positive
The film presents a political themes and class struggle in a moving manner.,positive
The film explores humanistic storytelling in a okay way.,neutral
The portrayal of political themes and class struggle was shallow.,negative
The film presents a gritty portrayal of poverty in a moving manner.,positive
The portrayal of non-professional actors was shallow.,negative
The film presents a political themes and class struggle in a touching manner.,positive
The film presents a authentic Italian cityscapes in a authentic manner.,positive
The film presents a political themes and class struggle in a touching manner.,positive
The film presents a political themes and class struggle in a moving manner.,positive
The film presents a political themes and class struggle in a touching manner.,positive
The film presents a social issues through everyday lives in a gripping manner.,positive
The film presents a unsentimental realism in a touching manner.,positive
The portrayal of unsentimental realism was poor.,negative
The portrayal of humanistic storytelling was predictable.,negative
The portrayal of non-professional actors was shallow.,negative
The film presents a non-professional actors in a brilliant manner.,positive
The film explores political themes and class struggle in a interesting way.,neutral
The film presents a social issues through everyday lives in a powerful manner.,positive
The film explores unsentimental realism in a okay way.,neutral
The film explores unsentimental realism in a neutral way.,neutral
The film explores social issues through everyday lives in a balanced way.,neutral
The film explores authentic Italian cityscapes in a average way.,neutral
The film explores raw emotions of post-war Italy in a neutral way.,neutral
The film explores non-professional actors in a balanced way.,neutral
The film explores gritty portrayal of poverty in a okay way.,neutral
The film presents a non-professional actors in a powerful manner.,positive
The film presents a gritty portrayal of poverty in a powerful manner.,positive
The film explores gritty portrayal of poverty in a decent way.,neutral
The film explores gritty portrayal of poverty in a average way.,neutral
The film presents a political themes and class struggle in a powerful manner.,positive
The film explores humanistic storytelling in a balanced way.,neutral
The portrayal of gritty portrayal of poverty was unsatisfactory.,negative
The portrayal of authentic Italian cityscapes was unsatisfactory.,negative
The film presents a social issues through everyday lives in a powerful manner.,positive
The film presents a authentic Italian cityscapes in a gripping manner.,positive
The portrayal of gritty portrayal of poverty was unsatisfactory.,negative
The portrayal of gritty portrayal of poverty was unsatisfactory.,negative
The portrayal of humanistic storytelling was predictable.,negative
The portrayal of raw emotions of post-war Italy was disappointing.,negative
The film presents a unsentimental realism in a gripping manner.,positive
The film presents a unsentimental realism in a authentic manner.,positive
The film presents a authentic Italian cityscapes in a touching manner.,positive
The film presents a social issues through everyday lives in a touching manner.,positive
The portrayal of unsentimental realism was shallow.,negative
The film presents a unsentimental realism in a brilliant manner.,positive
The portrayal of authentic Italian cityscapes was predictable.,negative
The film explores gritty portrayal of poverty in a okay way.,neutral
The film presents a raw emotions of post-war Italy in a powerful manner.,positive
The film presents a raw emotions of post-war Italy in a brilliant manner.,positive
The portrayal of raw emotions of post-war Italy was boring.,negative
The film presents a raw emotions of post-war Italy in a moving manner.,positive
The portrayal of political themes and class struggle was predictable.,negative
The film explores non-professional actors in a interesting way.,neutral
The film explores social issues through everyday lives in a interesting way.,neutral
The film presents a gritty portrayal of poverty in a brilliant manner.,positive
The portrayal of gritty portrayal of poverty was disappointing.,negative
The film presents a political themes and class struggle in a powerful manner.,positive
The portrayal of humanistic storytelling was predictable.,negative
The film presents a humanistic storytelling in a gripping manner.,positive
The film explores gritty portrayal of poverty in a neutral way.,neutral
The film explores social issues through everyday lives in a interesting way.,neutral
The film presents a non-professional actors in a authentic manner.,positive
The film presents a authentic Italian cityscapes in a powerful manner.,positive
The portrayal of unsentimental realism was shallow.,negative
The portrayal of social issues through everyday lives was poor.,negative
The film presents a unsentimental realism in a gripping manner.,positive
The portrayal of gritty portrayal of poverty was unsatisfactory.,negative
The film explores humanistic storytelling in a average way.,neutral
The film explores social issues through everyday lives in a okay way.,neutral
The portrayal of unsentimental realism was shallow.,negative
The portrayal of social issues through everyday lives was unsatisfactory.,negative
The portrayal of political themes and class struggle was shallow.,negative
The portrayal of authentic Italian cityscapes was shallow.,negative
The film presents a raw emotions of post-war Italy in a brilliant manner.,positive
The film explores authentic Italian cityscapes in a balanced way.,neutral
The film explores humanistic storytelling in a average way.,neutral
The film explores social issues through everyday lives in a decent way.,neutral
The film presents a authentic Italian cityscapes in a powerful manner.,positive
The portrayal of social issues through everyday lives was boring.,negative
The film explores social issues through everyday lives in a average way.,neutral
The portrayal of non-professional actors was disappointing.,negative
The portrayal of gritty portrayal of poverty was predictable.,negative
The film explores social issues through everyday lives in a neutral way.,neutral
The film presents a political themes and class struggle in a touching manner.,positive
The portrayal of raw emotions of post-war Italy was boring.,negative
The film explores unsentimental realism in a okay way.,neutral
The portrayal of social issues through everyday lives was boring.,negative
The film explores political themes and class struggle in a interesting way.,neutral
The film explores non-professional actors in a average way.,neutral
The film presents a humanistic storytelling in a gripping manner.,positive
The film presents a gritty portrayal of poverty in a powerful manner.,positive
The film explores social issues through everyday lives in a average way.,neutral
The film presents a unsentimental realism in a powerful manner.,positive
The film presents a gritty portrayal of poverty in a moving manner.,positive
The film presents a raw emotions of post-war Italy in a authentic manner.,positive
The portrayal of humanistic storytelling was disappointing.,negative
The portrayal of non-professional actors was unsatisfactory.,negative
The portrayal of raw emotions of post-war Italy was shallow.,negative
The film presents a unsentimental realism in a authentic manner.,positive
The film explores political themes and class struggle in a decent way.,neutral
The film presents a political themes and class struggle in a gripping manner.,positive
The film explores authentic Italian cityscapes in a decent way.,neutral
The film presents a political themes and class struggle in a authentic manner.,positive
The portrayal of unsentimental realism was poor.,negative
The film explores political themes and class struggle in a okay way.,neutral
The film explores non-professional actors in a okay way.,neutral
The portrayal of raw emotions of post-war Italy was unsatisfactory.,negative
The film presents a authentic Italian cityscapes in a authentic manner.,positive
The film presents a authentic Italian cityscapes in a brilliant manner.,positive
The film explores political themes and class struggle in a balanced way.,neutral
The film explores social issues through everyday lives in a interesting way.,neutral
The film presents a unsentimental realism in a brilliant manner.,positive
The portrayal of humanistic storytelling was boring.,negative
The film explores authentic Italian cityscapes in a decent way.,neutral
The film presents a social issues through everyday lives in a gripping manner.,positive
The film explores non-professional actors in a interesting way.,neutral
The film presents a unsentimental realism in a authentic manner.,positive
The portrayal of social issues through everyday lives was poor.,negative
The film presents a gritty portrayal of poverty in a authentic manner.,positive
The film presents a gritty portrayal of poverty in a touching manner.,positive
The film explores gritty portrayal of poverty in a balanced way.,neutral
The film presents a raw emotions of post-war Italy in a powerful manner.,positive
The film presents a humanistic storytelling in a authentic manner.,positive
The film explores non-professional actors in a average way.,neutral
The film explores gritty portrayal of poverty in a balanced way.,neutral
The film explores gritty portrayal of poverty in a average way.,neutral
The film explores raw emotions of post-war Italy in a decent way.,neutral
The film presents a authentic Italian cityscapes in a moving manner.,positive
The portrayal of non-professional actors was unsatisfactory.,negative
The film presents a non-professional actors in a brilliant manner.,positive
The portrayal of gritty portrayal of poverty was poor.,negative
The portrayal of gritty portrayal of poverty was shallow.,negative
The portrayal of raw emotions of post-war Italy was shallow.,negative
The film presents a gritty portrayal of poverty in a powerful manner.,positive
The film explores authentic Italian cityscapes in a neutral way.,neutral
The film explores unsentimental realism in a interesting way.,neutral
The portrayal of gritty portrayal of poverty was predictable.,negative
The portrayal of raw emotions of post-war Italy was unsatisfactory.,negative
The film explores social issues through everyday lives in a okay way.,neutral
The film explores unsentimental realism in a average way.,neutral
The film explores political themes and class struggle in a average way.,neutral
The portrayal of non-professional actors was predictable.,negative
The portrayal of social issues through everyday lives was poor.,negative
The film presents a authentic Italian cityscapes in a touching manner.,positive
The film explores non-professional actors in a decent way.,neutral
The portrayal of unsentimental realism was boring.,negative
The film explores unsentimental realism in a average way.,neutral
The film explores social issues through everyday lives in a okay way.,neutral
The film explores unsentimental realism in a average way.,neutral
The film presents a authentic Italian cityscapes in a touching manner.,positive
The portrayal of authentic Italian cityscapes was poor.,negative
The portrayal of political themes and class struggle was boring.,negative
The portrayal of social issues through everyday lives was shallow.,negative
The film presents a unsentimental realism in a gripping manner.,positive
The film presents a political themes and class struggle in a powerful manner.,positive
The portrayal of gritty portrayal of poverty was disappointing.,negative
The film explores authentic Italian cityscapes in a neutral way.,neutral
The portrayal of unsentimental realism was boring.,negative
The film presents a political themes and class struggle in a moving manner.,positive
The film explores authentic Italian cityscapes in a decent way.,neutral
The film explores unsentimental realism in a decent way.,neutral
The film presents a raw emotions of post-war Italy in a moving manner.,positive
The film explores political themes and class struggle in a balanced way.,neutral
The film explores humanistic storytelling in a interesting way.,neutral
The portrayal of authentic Italian cityscapes was poor.,negative
The film explores non-professional actors in a balanced way.,neutral
The portrayal of gritty portrayal of poverty was unsatisfactory.,negative
The portrayal of gritty portrayal of poverty was predictable.,negative
The film presents a unsentimental realism in a powerful manner.,positive
The portrayal of humanistic storytelling was disappointing.,negative
The film explores unsentimental realism in a decent way.,neutral
The portrayal of authentic Italian cityscapes was shallow.,negative
The portrayal of gritty portrayal of poverty was unsatisfactory.,negative
The film explores social issues through everyday lives in a average way.,neutral
The film presents a political themes and class struggle in a powerful manner.,positive
The film presents a humanistic storytelling in a authentic manner.,positive
The film explores authentic Italian cityscapes in a decent way.,neutral
The portrayal of gritty portrayal of poverty was unsatisfactory.,negative
The film explores non-professional actors in a balanced way.,neutral
The film explores authentic Italian cityscapes in a decent way.,neutral
The portrayal of non-professional actors was shallow.,negative
The portrayal of political themes and class struggle was disappointing.,negative
The portrayal of gritty portrayal of poverty was shallow.,negative
The film explores humanistic storytelling in a decent way.,neutral
The portrayal of non-professional actors was shallow.,negative
The portrayal of raw emotions of post-war Italy was shallow.,negative
The film explores authentic Italian cityscapes in a balanced way.,neutral
The portrayal of social issues through everyday lives was boring.,negative
The film presents a social issues through everyday lives in a moving manner.,positive
The portrayal of social issues through everyday lives was boring.,negative
The portrayal of unsentimental realism was disappointing.,negative
The film presents a gritty portrayal of poverty in a gripping manner.,positive
The film presents a humanistic storytelling in a powerful manner.,positive
The film explores humanistic storytelling in a interesting way.,neutral
The film presents a political themes and class struggle in a brilliant manner.,positive
The film explores gritty portrayal of poverty in a balanced way.,neutral
The film explores gritty portrayal of poverty in a neutral way.,neutral
The film presents a unsentimental realism in a authentic manner.,positive
The portrayal of raw emotions of post-war Italy was predictable.,negative
The portrayal of authentic Italian cityscapes was shallow.,negative
The film explores gritty portrayal of poverty in a okay way.,neutral
The portrayal of authentic Italian cityscapes was predictable.,negative
The film presents a social issues through everyday lives in a touching manner.,positive
The film explores raw emotions of post-war Italy in a okay way.,neutral
The portrayal of raw emotions of post-war Italy was predictable.,negative
The film presents a gritty portrayal of poverty in a powerful manner.,positive
The film presents a political themes and class struggle in a authentic manner.,positive
The portrayal of raw emotions of post-war Italy was boring.,negative
The film presents a humanistic storytelling in a authentic manner.,positive
The film explores authentic Italian cityscapes in a average way.,neutral
The portrayal of political themes and class struggle was disappointing.,negative
The film explores political themes and class struggle in a okay way.,neutral
The portrayal of social issues through everyday lives was predictable.,negative
The portrayal of authentic Italian cityscapes was disappointing.,negative
The film explores social issues through everyday lives in a interesting way.,neutral
The film explores humanistic storytelling in a okay way.,neutral
The portrayal of non-professional actors was poor.,negative
The portrayal of unsentimental realism was disappointing.,negative
The portrayal of non-professional actors was predictable.,negative
The portrayal of political themes and class struggle was boring.,negative
The film explores humanistic storytelling in a okay way.,neutral
The portrayal of unsentimental realism was poor.,negative
The film explores political themes and class struggle in a decent way.,neutral
The film explores social issues through everyday lives in a average way.,neutral
The portrayal of humanistic storytelling was boring.,negative
The film explores humanistic storytelling in a decent way.,neutral
The film explores political themes and class struggle in a okay way.,neutral
The portrayal of gritty portrayal of poverty was boring.,negative
The portrayal of non-professional actors was boring.,negative
The film explores raw emotions of post-war Italy in a decent way.,neutral
The film presents a non-professional actors in a authentic manner.,positive
The portrayal of non-professional actors was predictable.,negative
The film explores humanistic storytelling in a decent way.,neutral
The portrayal of authentic Italian cityscapes was boring.,negative
The film presents a non-professional actors in a touching manner.,positive
The portrayal of unsentimental realism was unsatisfactory.,negative
The film presents a authentic Italian cityscapes in a touching manner.,positive
The portrayal of non-professional actors was boring.,negative
The portrayal of social issues through everyday lives was poor.,negative
The portrayal of political themes and class struggle was poor.,negative
The film explores humanistic storytelling in a balanced way.,neutral
The film explores gritty portrayal of poverty in a average way.,neutral
The film presents a non-professional actors in a gripping manner.,positive
The portrayal of gritty portrayal of poverty was predictable.,negative
The film explores authentic Italian cityscapes in a okay way.,neutral
The film presents a raw emotions of post-war Italy in a gripping manner.,positive
The portrayal of unsentimental realism was boring.,negative
The portrayal of authentic Italian cityscapes was unsatisfactory.,negative
The film explores political themes and class struggle in a balanced way.,neutral
The portrayal of unsentimental realism was predictable.,negative
The film explores gritty portrayal of poverty in a balanced way.,neutral
The film explores political themes and class struggle in a decent way.,neutral
The film presents a social issues through everyday lives in a powerful manner.,positive
The portrayal of non-professional actors was poor.,negative
The film explores social issues through everyday lives in a okay way.,neutral
The portrayal of political themes and class struggle was boring.,negative
The portrayal of political themes and class struggle was unsatisfactory.,negative
The portrayal of non-professional actors was shallow.,negative
The film presents a non-professional actors in a authentic manner.,positive
The portrayal of political themes and class struggle was shallow.,negative
The film explores gritty portrayal of poverty in a balanced way.,neutral
The portrayal of raw emotions of post-war Italy was boring.,negative
The portrayal of unsentimental realism was shallow.,negative
The film presents a political themes and class struggle in a moving manner.,positive
The film presents a gritty portrayal of poverty in a authentic manner.,positive
The portrayal of gritty portrayal of poverty was unsatisfactory.,negative
The film presents a humanistic storytelling in a authentic manner.,positive
The film explores social issues through everyday lives in a average way.,neutral
The film explores political themes and class struggle in a average way.,neutral
The film explores humanistic storytelling in a okay way.,neutral
The film presents a non-professional actors in a moving manner.,positive
The film explores raw emotions of post-war Italy in a interesting way.,neutral
The portrayal of non-professional actors was poor.,negative
The film explores humanistic storytelling in a okay way.,neutral
The film presents a political themes and class struggle in a gripping manner.,positive
The portrayal of humanistic storytelling was boring.,negative
The film presents a gritty portrayal of poverty in a gripping manner.,positive
The film presents a social issues through everyday lives in a powerful manner.,positive
The film presents a raw emotions of post-war Italy in a gripping manner.,positive
The film presents a raw emotions of post-war Italy in a authentic manner.,positive
The film explores humanistic storytelling in a okay way.,neutral
The portrayal of unsentimental realism was unsatisfactory.,negative
The film presents a authentic Italian cityscapes in a authentic manner.,positive
The film presents a political themes and class struggle in a moving manner.,positive
The film presents a raw emotions of post-war Italy in a powerful manner.,positive
The film explores raw emotions of post-war Italy in a interesting way.,neutral
The portrayal of raw emotions of post-war Italy was predictable.,negative
The film presents a humanistic storytelling in a moving manner.,positive
The portrayal of authentic Italian cityscapes was unsatisfactory.,negative
The portrayal of humanistic storytelling was poor.,negative
The film presents a humanistic storytelling in a moving manner.,positive
The film presents a political themes and class struggle in a authentic manner.,positive
The film presents a gritty portrayal of poverty in a authentic manner.,positive
The portrayal of raw emotions of post-war Italy was shallow.,negative
The film presents a humanistic storytelling in a touching manner.,positive
The film presents a social issues through everyday lives in a authentic manner.,positive
The film presents a unsentimental realism in a brilliant manner.,positive
The film explores humanistic storytelling in a balanced way.,neutral
The portrayal of political themes and class struggle was shallow.,negative
The film presents a authentic Italian cityscapes in a powerful manner.,positive
The film explores authentic Italian cityscapes in a neutral way.,neutral
The film presents a non-professional actors in a gripping manner.,positive
The film presents a political themes and class struggle in a authentic manner.,positive
The film presents a gritty portrayal of poverty in a moving manner.,positive
The film presents a humanistic storytelling in a brilliant manner.,positive
The film explores raw emotions of post-war Italy in a average way.,neutral
The film explores social issues through everyday lives in a neutral way.,neutral
The portrayal of social issues through everyday lives was disappointing.,negative
The portrayal of non-professional actors was unsatisfactory.,negative
The film presents a non-professional actors in a gripping manner.,positive
The film explores humanistic storytelling in a decent way.,neutral
The film explores raw emotions of post-war Italy in a decent way.,neutral
The film presents a political themes and class struggle in a touching manner.,positive
The film presents a unsentimental realism in a authentic manner.,positive
The film explores humanistic storytelling in a average way.,neutral
The film explores non-professional actors in a average way.,neutral
The film explores political themes and class struggle in a okay way.,neutral
The film presents a authentic Italian cityscapes in a moving manner.,positive
The film presents a authentic Italian cityscapes in a touching manner.,positive
The film presents a unsentimental realism in a authentic manner.,positive
The portrayal of non-professional actors was predictable.,negative
The film explores gritty portrayal of poverty in a average way.,neutral
The portrayal of unsentimental realism was disappointing.,negative
The film presents a humanistic storytelling in a brilliant manner.,positive
The film presents a political themes and class struggle in a authentic manner.,positive
The film presents a humanistic storytelling in a touching manner.,positive
The film presents a humanistic storytelling in a powerful manner.,positive
The film presents a raw emotions of post-war Italy in a authentic manner.,positive
The film presents a raw emotions of post-war Italy in a gripping manner.,positive
The film presents a raw emotions of post-war Italy in a brilliant manner.,positive
The portrayal of humanistic storytelling was unsatisfactory.,negative
The film explores raw emotions of post-war Italy in a interesting way.,neutral
The film explores non-professional actors in a balanced way.,neutral
The film explores authentic Italian cityscapes in a interesting way.,neutral
The film explores raw emotions of post-war Italy in a balanced way.,neutral
The film presents a gritty portrayal of poverty in a brilliant manner.,positive
The portrayal of authentic Italian cityscapes was unsatisfactory.,negative
The portrayal of gritty portrayal of poverty was boring.,negative
The film presents a political themes and class struggle in a gripping manner.,positive
The film presents a unsentimental realism in a touching manner.,positive
The film explores unsentimental realism in a decent way.,neutral
The portrayal of gritty portrayal of poverty was poor.,negative
The film explores authentic Italian cityscapes in a decent way.,neutral
The film explores non-professional actors in a average way.,neutral
The film presents a humanistic storytelling in a powerful manner.,positive
The portrayal of authentic Italian cityscapes was poor.,negative
The film explores raw emotions of post-war Italy in a balanced way.,neutral
The portrayal of unsentimental realism was shallow.,negative
The film explores raw emotions of post-war Italy in a neutral way.,neutral
The film explores unsentimental realism in a interesting way.,neutral
The portrayal of humanistic storytelling was shallow.,negative
The film explores raw emotions of post-war Italy in a average way.,neutral
The film explores political themes and class struggle in a average way.,neutral
The portrayal of authentic Italian cityscapes was disappointing.,negative
The film explores political themes and class struggle in a okay way.,neutral
The film explores raw emotions of post-war Italy in a balanced way.,neutral
The film explores non-professional actors in a decent way.,neutral
The film explores social issues through everyday lives in a interesting way.,neutral
The portrayal of humanistic storytelling was predictable.,negative
The portrayal of humanistic storytelling was predictable.,negative
The film presents a gritty portrayal of poverty in a moving manner.,positive
The film explores political themes and class struggle in a interesting way.,neutral
The film presents a authentic Italian cityscapes in a brilliant manner.,positive
The portrayal of gritty portrayal of poverty was predictable.,negative
The film presents a authentic Italian cityscapes in a brilliant manner.,positive
The film presents a humanistic storytelling in a moving manner.,positive
The film presents a unsentimental realism in a brilliant manner.,positive
The film explores gritty portrayal of poverty in a neutral way.,neutral
The film presents a non-professional actors in a touching manner.,positive
The film presents a unsentimental realism in a gripping manner.,positive
The film explores unsentimental realism in a okay way.,neutral
The film explores political themes and class struggle in a average way.,neutral
The film presents a unsentimental realism in a authentic manner.,positive
The portrayal of humanistic storytelling was disappointing.,negative
The portrayal of authentic Italian cityscapes was boring.,negative
The film presents a social issues through everyday lives in a authentic manner.,positive
The portrayal of humanistic storytelling was unsatisfactory.,negative
The film presents a raw emotions of post-war Italy in a brilliant manner.,positive
The portrayal of gritty portrayal of poverty was disappointing.,negative
The portrayal of raw emotions of post-war Italy was disappointing.,negative
The film presents a humanistic storytelling in a brilliant manner.,positive
The film explores raw emotions of post-war Italy in a neutral way.,neutral
The film explores non-professional actors in a balanced way.,neutral
The film explores authentic Italian cityscapes in a average way.,neutral
The portrayal of political themes and class struggle was predictable.,negative
The film explores non-professional actors in a okay way.,neutral
The film presents a gritty portrayal of poverty in a powerful manner.,positive
The film presents a unsentimental realism in a authentic manner.,positive
The film explores raw emotions of post-war Italy in a average way.,neutral
The portrayal of raw emotions of post-war Italy was shallow.,negative
The portrayal of raw emotions of post-war Italy was unsatisfactory.,negative
The film presents a unsentimental realism in a powerful manner.,positive
The film presents a raw emotions of post-war Italy in a gripping manner.,positive
The film presents a raw emotions of post-war Italy in a touching manner.,positive
The film explores non-professional actors in a average way.,neutral
The portrayal of political themes and class struggle was unsatisfactory.,negative
The film explores non-professional actors in a decent way.,neutral
The film presents a gritty portrayal of poverty in a touching manner.,positive
The portrayal of authentic Italian cityscapes was poor.,negative
The film explores unsentimental realism in a average way.,neutral
The film presents a humanistic storytelling in a powerful manner.,positive
The portrayal of social issues through everyday lives was boring.,negative
The portrayal of social issues through everyday lives was predictable.,negative
The film explores authentic Italian cityscapes in a decent way.,neutral
The film presents a gritty portrayal of poverty in a touching manner.,positive
The film presents a humanistic storytelling in a powerful manner.,positive
The portrayal of political themes and class struggle was shallow.,negative
The portrayal of unsentimental realism was shallow.,negative
The film explores non-professional actors in a decent way.,neutral
The film explores social issues through everyday lives in a interesting way.,neutral
The portrayal of humanistic storytelling was unsatisfactory.,negative
The portrayal of authentic Italian cityscapes was boring.,negative
The film presents a non-professional actors in a powerful manner.,positive
The film presents a unsentimental realism in a authentic manner.,positive
The film presents a social issues through everyday lives in a powerful manner.,positive
The portrayal of humanistic storytelling was unsatisfactory.,negative
The film presents a gritty portrayal of poverty in a authentic manner.,positive
The film presents a unsentimental realism in a gripping manner.,positive
The film explores authentic Italian cityscapes in a decent way.,neutral
The film explores gritty portrayal of poverty in a average way.,neutral
The portrayal of gritty portrayal of poverty was shallow.,negative
The portrayal of raw emotions of post-war Italy was unsatisfactory.,negative
The film presents a authentic Italian cityscapes in a touching manner.,positive
The film explores gritty portrayal of poverty in a average way.,neutral
The film explores political themes and class struggle in a interesting way.,neutral
The portrayal of unsentimental realism was unsatisfactory.,negative
The film explores raw emotions of post-war Italy in a decent way.,neutral
The film presents a non-professional actors in a authentic manner.,positive
The film explores gritty portrayal of poverty in a neutral way.,neutral
The portrayal of authentic Italian cityscapes was boring.,negative
The film explores political themes and class struggle in a average way.,neutral
The film presents a authentic Italian cityscapes in a gripping manner.,positive
The portrayal of social issues through everyday lives was predictable.,negative
The portrayal of gritty portrayal of poverty was predictable.,negative
The portrayal of gritty portrayal of poverty was shallow.,negative
The film presents a political themes and class struggle in a moving manner.,positive
The film presents a non-professional actors in a brilliant manner.,positive
The film presents a unsentimental realism in a moving manner.,positive
The film presents a raw emotions of post-war Italy in a brilliant manner.,positive
The film presents a unsentimental realism in a moving manner.,positive
The portrayal of authentic Italian cityscapes was unsatisfactory.,negative
The portrayal of humanistic storytelling was shallow.,negative
The portrayal of gritty portrayal of poverty was shallow.,negative
The portrayal of authentic Italian cityscapes was predictable.,negative
The film presents a humanistic storytelling in a authentic manner.,positive
The film presents a authentic Italian cityscapes in a brilliant manner.,positive
The film presents a political themes and class struggle in a touching manner.,positive
The film presents a raw emotions of post-war Italy in a authentic manner.,positive
The portrayal of social issues through everyday lives was predictable.,negative
The film explores social issues through everyday lives in a balanced way.,neutral
The film presents a political themes and class struggle in a authentic manner.,positive
The film presents a non-professional actors in a touching manner.,positive
The portrayal of authentic Italian cityscapes was shallow.,negative
The film explores raw emotions of post-war Italy in a decent way.,neutral
The portrayal of raw emotions of post-war Italy was predictable.,negative
The portrayal of social issues through everyday lives was disappointing.,negative
The film presents a humanistic storytelling in a brilliant manner.,positive
The film presents a unsentimental realism in a authentic manner.,positive
The film explores social issues through everyday lives in a decent way.,neutral
The film presents a authentic Italian cityscapes in a gripping manner.,positive
The portrayal of gritty portrayal of poverty was unsatisfactory.,negative
The film presents a non-professional actors in a powerful manner.,positive
The film explores political themes and class struggle in a neutral way.,neutral
The film explores gritty portrayal of poverty in a okay way.,neutral
The film presents a non-professional actors in a touching manner.,positive
The portrayal of political themes and class struggle was unsatisfactory.,negative
The film presents a political themes and class struggle in a brilliant manner.,positive
The film explores social issues through everyday lives in a neutral way.,neutral
The portrayal of gritty portrayal of poverty was poor.,negative
The film presents a social issues through everyday lives in a gripping manner.,positive
The film explores political themes and class struggle in a neutral way.,neutral
The film presents a humanistic storytelling in a powerful manner.,positive
The film explores gritty portrayal of poverty in a okay way.,neutral
The film explores gritty portrayal of poverty in a average way.,neutral
The film explores raw emotions of post-war Italy in a neutral way.,neutral
The portrayal of political themes and class struggle was predictable.,negative
The film presents a humanistic storytelling in a brilliant manner.,positive
The film explores non-professional actors in a average way.,neutral
The film explores authentic Italian cityscapes in a balanced way.,neutral
The film presents a humanistic storytelling in a brilliant manner.,positive
The film presents a social issues through everyday lives in a moving manner.,positive
The film presents a raw emotions of post-war Italy in a gripping manner.,positive
The film explores raw emotions of post-war Italy in a decent way.,neutral
The film explores humanistic storytelling in a decent way.,neutral
The film explores political themes and class struggle in a balanced way.,neutral
The film presents a social issues through everyday lives in a authentic manner.,positive
The film presents a gritty portrayal of poverty in a authentic manner.,positive
The film presents a non-professional actors in a brilliant manner.,positive
The film presents a humanistic storytelling in a brilliant manner.,positive
The portrayal of gritty portrayal of poverty was disappointing.,negative
The portrayal of humanistic storytelling was boring.,negative
The portrayal of unsentimental realism was boring.,negative
The film presents a unsentimental realism in a brilliant manner.,positive
The film explores non-professional actors in a balanced way.,neutral
The film explores unsentimental realism in a balanced way.,neutral
The film explores authentic Italian cityscapes in a neutral way.,neutral
The film presents a unsentimental realism in a touching manner.,positive
The portrayal of unsentimental realism was unsatisfactory.,negative
The portrayal of gritty portrayal of poverty was predictable.,negative
The portrayal of humanistic storytelling was shallow.,negative
The film presents a raw emotions of post-war Italy in a authentic manner.,positive
The film explores non-professional actors in a neutral way.,neutral
The film presents a unsentimental realism in a powerful manner.,positive
The film explores humanistic storytelling in a average way.,neutral
The film presents a raw emotions of post-war Italy in a authentic manner.,positive
The film presents a unsentimental realism in a powerful manner.,positive
The portrayal of humanistic storytelling was boring.,negative
The film explores gritty portrayal of poverty in a average way.,neutral
The film explores non-professional actors in a decent way.,neutral
The film presents a raw emotions of post-war Italy in a authentic manner.,positive
The portrayal of authentic Italian cityscapes was unsatisfactory.,negative
The film explores unsentimental realism in a okay way.,neutral
The portrayal of unsentimental realism was disappointing.,negative
The portrayal of political themes and class struggle was unsatisfactory.,negative
The film presents a gritty portrayal of poverty in a powerful manner.,positive
The film explores political themes and class struggle in a neutral way.,neutral
The film explores raw emotions of post-war Italy in a balanced way.,neutral
The portrayal of non-professional actors was unsatisfactory.,negative
The film explores gritty portrayal of poverty in a decent way.,neutral
The film explores humanistic storytelling in a interesting way.,neutral
The portrayal of social issues through everyday lives was shallow.,negative
The film presents a authentic Italian cityscapes in a touching manner.,positive
The film presents a raw emotions of post-war Italy in a moving manner.,positive
The portrayal of non-professional actors was poor.,negative
The film explores raw emotions of post-war Italy in a neutral way.,neutral
The portrayal of humanistic storytelling was unsatisfactory.,negative
The film explores social issues through everyday lives in a neutral way.,neutral
The film presents a unsentimental realism in a authentic manner.,positive
The film presents a political themes and class struggle in a authentic manner.,positive
The film presents a gritty portrayal of poverty in a gripping manner.,positive
The portrayal of non-professional actors was disappointing.,negative
The portrayal of non-professional actors was shallow.,negative
The portrayal of political themes and class struggle was shallow.,negative
The portrayal of non-professional actors was boring.,negative
The film explores unsentimental realism in a okay way.,neutral
The portrayal of humanistic storytelling was unsatisfactory.,negative
The film presents a gritty portrayal of poverty in a powerful manner.,positive
The portrayal of unsentimental realism was unsatisfactory.,negative
The film explores non-professional actors in a okay way.,neutral
The portrayal of raw emotions of post-war Italy was unsatisfactory.,negative
The portrayal of social issues through everyday lives was boring.,negative
The portrayal of non-professional actors was unsatisfactory.,negative
The film presents a gritty portrayal of poverty in a brilliant manner.,positive
The film explores humanistic storytelling in a interesting way.,neutral
The portrayal of gritty portrayal of poverty was poor.,negative
The portrayal of non-professional actors was boring.,negative
The portrayal of authentic Italian cityscapes was shallow.,negative
The portrayal of raw emotions of post-war Italy was boring.,negative
The portrayal of gritty portrayal of poverty was shallow.,negative
The film explores humanistic storytelling in a decent way.,neutral
The film presents a non-professional actors in a powerful manner.,positive
The film presents a unsentimental realism in a touching manner.,positive
The film explores raw emotions of post-war Italy in a interesting way.,neutral
The film explores authentic Italian cityscapes in a neutral way.,neutral
The portrayal of political themes and class struggle was unsatisfactory.,negative
The film explores unsentimental realism in a interesting way.,neutral
The portrayal of unsentimental realism was poor.,negative
The film presents a political themes and class struggle in a brilliant manner.,positive
The portrayal of unsentimental realism was poor.,negative
The portrayal of gritty portrayal of poverty was unsatisfactory.,negative
The film presents a humanistic storytelling in a touching manner.,positive
The film presents a political themes and class struggle in a gripping manner.,positive
The portrayal of social issues through everyday lives was poor.,negative
The film explores unsentimental realism in a neutral way.,neutral
The film explores social issues through everyday lives in a interesting way.,neutral
The film explores social issues through everyday lives in a average way.,neutral
The film presents a raw emotions of post-war Italy in a brilliant manner.,positive
The portrayal of non-professional actors was unsatisfactory.,negative
The portrayal of raw emotions of post-war Italy was poor.,negative
The film presents a non-professional actors in a brilliant manner.,positive
The film presents a political themes and class struggle in a powerful manner.,positive
The film explores humanistic storytelling in a balanced way.,neutral
The film explores non-professional actors in a neutral way.,neutral
The film presents a unsentimental realism in a brilliant manner.,positive
The portrayal of gritty portrayal of poverty was predictable.,negative
The portrayal of gritty portrayal of poverty was disappointing.,negative
The portrayal of social issues through everyday lives was poor.,negative
The film presents a raw emotions of post-war Italy in a authentic manner.,positive
The film presents a raw emotions of post-war Italy in a gripping manner.,positive
The portrayal of non-professional actors was poor.,negative
The film presents a social issues through everyday lives in a authentic manner.,positive
The portrayal of non-professional actors was predictable.,negative
The film presents a humanistic storytelling in a touching manner.,positive
The portrayal of authentic Italian cityscapes was disappointing.,negative
The portrayal of authentic Italian cityscapes was disappointing.,negative
The film presents a raw emotions of post-war Italy in a powerful manner.,positive
The film presents a gritty portrayal of poverty in a powerful manner.,positive
The film explores unsentimental realism in a average way.,neutral
The film explores humanistic storytelling in a okay way.,neutral
The portrayal of humanistic storytelling was boring.,negative
The film presents a political themes and class struggle in a moving manner.,positive
The film presents a authentic Italian cityscapes in a brilliant manner.,positive
The portrayal of unsentimental realism was boring.,negative
The film presents a humanistic storytelling in a brilliant manner.,positive
The film explores political themes and class struggle in a interesting way.,neutral
The film presents a non-professional actors in a brilliant manner.,positive
The film presents a social issues through everyday lives in a moving manner.,positive
The film presents a unsentimental realism in a gripping manner.,positive
The portrayal of non-professional actors was predictable.,negative
The portrayal of non-professional actors was unsatisfactory.,negative
The film presents a humanistic storytelling in a touching manner.,positive
The film presents a non-professional actors in a moving manner.,positive
The film presents a political themes and class struggle in a moving manner.,positive
The portrayal of authentic Italian cityscapes was predictable.,negative
The film presents a non-professional actors in a authentic manner.,positive
The film presents a authentic Italian cityscapes in a gripping manner.,positive
The film explores political themes and class struggle in a interesting way.,neutral
The portrayal of humanistic storytelling was predictable.,negative
The portrayal of authentic Italian cityscapes was disappointing.,negative
The film explores raw emotions of post-war Italy in a interesting way.,neutral
The portrayal of social issues through everyday lives was boring.,negative
The film explores humanistic storytelling in a balanced way.,neutral
The portrayal of humanistic storytelling was unsatisfactory.,negative
The film explores social issues through everyday lives in a average way.,neutral
The film explores humanistic storytelling in a average way.,neutral
The film explores authentic Italian cityscapes in a okay way.,neutral
The film presents a unsentimental realism in a gripping manner.,positive
The portrayal of social issues through everyday lives was disappointing.,negative
The film presents a non-professional actors in a gripping manner.,positive
The film presents a humanistic storytelling in a powerful manner.,positive
The film explores non-professional actors in a decent way.,neutral
The film explores gritty portrayal of poverty in a decent way.,neutral
The film presents a gritty portrayal of poverty in a touching manner.,positive
The film presents a social issues through everyday lives in a authentic manner.,positive
The film explores political themes and class struggle in a okay way.,neutral
The film explores social issues through everyday lives in a interesting way.,neutral
The film explores humanistic storytelling in a balanced way.,neutral
The portrayal of social issues through everyday lives was poor.,negative
The film explores non-professional actors in a average way.,neutral
The film explores gritty portrayal of poverty in a balanced way.,neutral
The film presents a unsentimental realism in a moving manner.,positive
The film presents a authentic Italian cityscapes in a powerful manner.,positive
The film explores gritty portrayal of poverty in a interesting way.,neutral
The film explores social issues through everyday lives in a average way.,neutral
The film explores social issues through everyday lives in a neutral way.,neutral
The film presents a humanistic storytelling in a gripping manner.,positive
The film presents a humanistic storytelling in a powerful manner.,positive
The film explores authentic Italian cityscapes in a neutral way.,neutral
The portrayal of authentic Italian cityscapes was shallow.,negative
The film presents a unsentimental realism in a moving manner.,positive
The film explores raw emotions of post-war Italy in a neutral way.,neutral
The film presents a authentic Italian cityscapes in a authentic manner.,positive
The portrayal of non-professional actors was unsatisfactory.,negative
The film presents a non-professional actors in a brilliant manner.,positive
The film presents a authentic Italian cityscapes in a powerful manner.,positive
The film presents a humanistic storytelling in a touching manner.,positive
The film explores political themes and class struggle in a average way.,neutral
The film presents a authentic Italian cityscapes in a moving manner.,positive
The film presents a unsentimental realism in a powerful manner.,positive
The film presents a raw emotions of post-war Italy in a brilliant manner.,positive
The film explores humanistic storytelling in a okay way.,neutral
The portrayal of non-professional actors was disappointing.,negative
The portrayal of unsentimental realism was shallow.,negative
The film presents a raw emotions of post-war Italy in a touching manner.,positive
The portrayal of political themes and class struggle was unsatisfactory.,negative
The film explores humanistic storytelling in a decent way.,neutral
The portrayal of authentic Italian cityscapes was predictable.,negative
The portrayal of humanistic storytelling was poor.,negative
The portrayal of raw emotions of post-war Italy was unsatisfactory.,negative
The film presents a raw emotions of post-war Italy in a powerful manner.,positive
The portrayal of political themes and class struggle was disappointing.,negative
The film presents a gritty portrayal of poverty in a touching manner.,positive
The portrayal of political themes and class struggle was predictable.,negative
The film explores authentic Italian cityscapes in a interesting way.,neutral
The portrayal of gritty portrayal of poverty was predictable.,negative
The film explores social issues through everyday lives in a interesting way.,neutral
The portrayal of political themes and class struggle was shallow.,negative
The portrayal of gritty portrayal of poverty was disappointing.,negative
The portrayal of authentic Italian cityscapes was unsatisfactory.,negative
The film presents a humanistic storytelling in a touching manner.,positive
The film presents a political themes and class struggle in a authentic manner.,positive
The film presents a humanistic storytelling in a gripping manner.,positive
The portrayal of social issues through everyday lives was boring.,negative
The film explores social issues through everyday lives in a neutral way.,neutral
The portrayal of raw emotions of post-war Italy was unsatisfactory.,negative
The portrayal of humanistic storytelling was unsatisfactory.,negative
The portrayal of political themes and class struggle was unsatisfactory.,negative
The portrayal of authentic Italian cityscapes was poor.,negative
The portrayal of humanistic storytelling was disappointing.,negative
The film explores humanistic storytelling in a interesting way.,neutral
The film explores non-professional actors in a average way.,neutral
The portrayal of political themes and class struggle was poor.,negative
The film explores non-professional actors in a okay way.,neutral
The film explores unsentimental realism in a neutral way.,neutral
The film presents a political themes and class struggle in a brilliant manner.,positive
The film presents a social issues through everyday lives in a moving manner.,positive
The film explores non-professional actors in a neutral way.,neutral
The film explores social issues through everyday lives in a okay way.,neutral
The portrayal of authentic Italian cityscapes was disappointing.,negative
The film presents a gritty portrayal of poverty in a authentic manner.,positive
The film presents a non-professional actors in a brilliant manner.,positive
The film explores non-professional actors in a balanced way.,neutral
The film explores authentic Italian cityscapes in a decent way.,neutral
The film explores authentic Italian cityscapes in a balanced way.,neutral
The portrayal of gritty portrayal of poverty was boring.,negative
The film explores raw emotions of post-war Italy in a decent way.,neutral
The film explores gritty portrayal of poverty in a balanced way.,neutral
The film explores humanistic storytelling in a decent way.,neutral
The film presents a gritty portrayal of poverty in a gripping manner.,positive
The portrayal of political themes and class struggle was boring.,negative
The film explores political themes and class struggle in a average way.,neutral
The portrayal of non-professional actors was unsatisfactory.,negative
The film explores gritty portrayal of poverty in a balanced way.,neutral
The film presents a unsentimental realism in a authentic manner.,positive
The film presents a unsentimental realism in a gripping manner.,positive
The film presents a political themes and class struggle in a powerful manner.,positive
The film presents a unsentimental realism in a authentic manner.,positive
The film presents a political themes and class struggle in a gripping manner.,positive
The film presents a political themes and class struggle in a authentic manner.,positive
The film explores political themes and class struggle in a average way.,neutral
The portrayal of non-professional actors was shallow.,negative
The film explores social issues through everyday lives in a interesting way.,neutral
The film presents a political themes and class struggle in a powerful manner.,positive
The film explores unsentimental realism in a okay way.,neutral
The portrayal of political themes and class struggle was unsatisfactory.,negative
The film presents a social issues through everyday lives in a brilliant manner.,positive
The film presents a unsentimental realism in a powerful manner.,positive
The portrayal of unsentimental realism was predictable.,negative
The film presents a social issues through everyday lives in a authentic manner.,positive
The film explores non-professional actors in a okay way.,neutral
The portrayal of non-professional actors was shallow.,negative
The film presents a political themes and class struggle in a brilliant manner.,positive
The film presents a social issues through everyday lives in a gripping manner.,positive
The film explores social issues through everyday lives in a decent way.,neutral
The film explores social issues through everyday lives in a interesting way.,neutral
The film presents a authentic Italian cityscapes in a touching manner.,positive
The film explores authentic Italian cityscapes in a neutral way.,neutral
The portrayal of unsentimental realism was unsatisfactory.,negative
The film presents a humanistic storytelling in a moving manner.,positive
The film explores raw emotions of post-war Italy in a neutral way.,neutral
The film explores authentic Italian cityscapes in a okay way.,neutral
The film presents a raw emotions of post-war Italy in a powerful manner.,positive
The portrayal of social issues through everyday lives was poor.,negative
The portrayal of non-professional actors was poor.,negative
The film explores gritty portrayal of poverty in a interesting way.,neutral
The film presents a unsentimental realism in a authentic manner.,positive
The portrayal of authentic Italian cityscapes was shallow.,negative
The portrayal of authentic Italian cityscapes was disappointing.,negative
The portrayal of raw emotions of post-war Italy was shallow.,negative
The portrayal of political themes and class struggle was unsatisfactory.,negative
The film presents a authentic Italian cityscapes in a powerful manner.,positive
The film presents a social issues through everyday lives in a gripping manner.,positive
The portrayal of gritty portrayal of poverty was boring.,negative
The film explores social issues through everyday lives in a interesting way.,neutral
The portrayal of raw emotions of post-war Italy was poor.,negative
The portrayal of political themes and class struggle was boring.,negative
The film presents a humanistic storytelling in a touching manner.,positive
The film presents a non-professional actors in a powerful manner.,positive
The film presents a authentic Italian cityscapes in a authentic manner.,positive
The film presents a authentic Italian cityscapes in a touching manner.,positive
The film presents a political themes and class struggle in a touching manner.,positive
The film explores authentic Italian cityscapes in a decent way.,neutral
The film presents a authentic Italian cityscapes in a gripping manner.,positive
The film explores humanistic storytelling in a okay way.,neutral
The film explores unsentimental realism in a okay way.,neutral
The film explores humanistic storytelling in a balanced way.,neutral
The portrayal of humanistic storytelling was disappointing.,negative
The portrayal of social issues through everyday lives was predictable.,negative
The film presents a gritty portrayal of poverty in a moving manner.,positive
The film explores social issues through everyday lives in a okay way.,neutral
The film presents a authentic Italian cityscapes in a moving manner.,positive
The portrayal of authentic Italian cityscapes was predictable.,negative
The portrayal of political themes and class struggle was disappointing.,negative
The portrayal of raw emotions of post-war Italy was boring.,negative
The film explores raw emotions of post-war Italy in a decent way.,neutral
The portrayal of non-professional actors was shallow.,negative
The film presents a humanistic storytelling in a moving manner.,positive
The portrayal of social issues through everyday lives was boring.,negative
The film presents a social issues through everyday lives in a moving manner.,positive
The portrayal of gritty portrayal of poverty was boring.,negative
The film presents a humanistic storytelling in a powerful manner.,positive
The film explores authentic Italian cityscapes in a interesting way.,neutral
The film presents a social issues through everyday lives in a touching manner.,positive
The film explores social issues through everyday lives in a interesting way.,neutral
The film explores authentic Italian cityscapes in a average way.,neutral
The film presents a authentic Italian cityscapes in a gripping manner.,positive
The film presents a authentic Italian cityscapes in a authentic manner.,positive
The portrayal of authentic Italian cityscapes was predictable.,negative
The film presents a unsentimental realism in a powerful manner.,positive
The film explores social issues through everyday lives in a neutral way.,neutral
The film explores humanistic storytelling in a interesting way.,neutral
The film presents a unsentimental realism in a brilliant manner.,positive
The film presents a gritty portrayal of poverty in a gripping manner.,positive
The portrayal of humanistic storytelling was predictable.,negative
The film presents a gritty portrayal of poverty in a powerful manner.,positive
The portrayal of social issues through everyday lives was unsatisfactory.,negative
The portrayal of political themes and class struggle was disappointing.,negative
The film presents a social issues through everyday lives in a powerful manner.,positive
The film explores unsentimental realism in a neutral way.,neutral
The film explores social issues through everyday lives in a balanced way.,neutral
The film presents a social issues through everyday lives in a powerful manner.,positive
The film presents a raw emotions of post-war Italy in a brilliant manner.,positive
The portrayal of humanistic storytelling was boring.,negative
The film presents a raw emotions of post-war Italy in a touching manner.,positive
The film explores gritty portrayal of poverty in a interesting way.,neutral
The portrayal of humanistic storytelling was boring.,negative
The film presents a humanistic storytelling in a authentic manner.,positive
The film explores humanistic storytelling in a interesting way.,neutral
The film presents a humanistic storytelling in a powerful manner.,positive
The portrayal of unsentimental realism was boring.,negative
The film presents a unsentimental realism in a brilliant manner.,positive
The film presents a non-professional actors in a moving manner.,positive
The portrayal of gritty portrayal of poverty was shallow.,negative
The film explores political themes and class struggle in a balanced way.,neutral
The film explores non-professional actors in a balanced way.,neutral
The film presents a humanistic storytelling in a moving manner.,positive
The portrayal of social issues through everyday lives was shallow.,negative
The portrayal of gritty portrayal of poverty was poor.,negative
The film explores raw emotions of post-war Italy in a balanced way.,neutral
The film presents a raw emotions of post-war Italy in a gripping manner.,positive
The portrayal of gritty portrayal of poverty was disappointing.,negative
The film presents a social issues through everyday lives in a authentic manner.,positive
The portrayal of authentic Italian cityscapes was poor.,negative
The portrayal of unsentimental realism was shallow.,negative
The portrayal of non-professional actors was unsatisfactory.,negative
The film explores raw emotions of post-war Italy in a average way.,neutral
The film explores non-professional actors in a neutral way.,neutral
The film presents a non-professional actors in a powerful manner.,positive
The film presents a political themes and class struggle in a authentic manner.,positive
The film explores raw emotions of post-war Italy in a okay way.,neutral
The film presents a raw emotions of post-war Italy in a touching manner.,positive
The film explores non-professional actors in a neutral way.,neutral
The film explores social issues through everyday lives in a average way.,neutral
The portrayal of humanistic storytelling was predictable.,negative
The film presents a gritty portrayal of poverty in a touching manner.,positive
The portrayal of unsentimental realism was disappointing.,negative
The film explores unsentimental realism in a okay way.,neutral
The film explores non-professional actors in a interesting way.,neutral
The film presents a non-professional actors in a gripping manner.,positive
The portrayal of authentic Italian cityscapes was poor.,negative
The film presents a social issues through everyday lives in a moving manner.,positive
The film presents a non-professional actors in a powerful manner.,positive
The portrayal of unsentimental realism was boring.,negative
The film presents a social issues through everyday lives in a moving manner.,positive
The film explores humanistic storytelling in a average way.,neutral
The film presents a raw emotions of post-war Italy in a touching manner.,positive
The film explores authentic Italian cityscapes in a decent way.,neutral
The portrayal of non-professional actors was disappointing.,negative
The film presents a political themes and class struggle in a powerful manner.,positive
The portrayal of raw emotions of post-war Italy was poor.,negative
The film presents a gritty portrayal of poverty in a gripping manner.,positive
The portrayal of social issues through everyday lives was shallow.,negative
The portrayal of unsentimental realism was poor.,negative
The film presents a gritty portrayal of poverty in a gripping manner.,positive
The portrayal of unsentimental realism was shallow.,negative
The film explores humanistic storytelling in a okay way.,neutral
The film presents a raw emotions of post-war Italy in a moving manner.,positive
The film explores social issues through everyday lives in a average way.,neutral
The film explores raw emotions of post-war Italy in a balanced way.,neutral
The portrayal of authentic Italian cityscapes was poor.,negative
The portrayal of gritty portrayal of poverty was disappointing.,negative
The portrayal of unsentimental realism was boring.,negative
The film presents a authentic Italian cityscapes in a moving manner.,positive
The film explores humanistic storytelling in a okay way.,neutral
The portrayal of political themes and class struggle was shallow.,negative
The film explores gritty portrayal of poverty in a balanced way.,neutral
The film presents a gritty portrayal of poverty in a gripping manner.,positive
The portrayal of gritty portrayal of poverty was poor.,negative
The portrayal of non-professional actors was disappointing.,negative
The film explores raw emotions of post-war Italy in a decent way.,neutral
The film explores non-professional actors in a balanced way.,neutral
The film presents a raw emotions of post-war Italy in a brilliant manner.,positive
The film explores humanistic storytelling in a balanced way.,neutral
The film explores social issues through everyday lives in a interesting way.,neutral
The film explores raw emotions of post-war Italy in a average way.,neutral
The film presents a authentic Italian cityscapes in a authentic manner.,positive
The film explores humanistic storytelling in a interesting way.,neutral
The film explores gritty portrayal of poverty in a average way.,neutral
The portrayal of political themes and class struggle was unsatisfactory.,negative
The portrayal of social issues through everyday lives was poor.,negative
The portrayal of humanistic storytelling was disappointing.,negative
The portrayal of political themes and class struggle was poor.,negative
The film explores unsentimental realism in a okay way.,neutral
The film explores unsentimental realism in a decent way.,neutral
The film presents a authentic Italian cityscapes in a brilliant manner.,positive
The film explores authentic Italian cityscapes in a average way.,neutral
The film explores social issues through everyday lives in a interesting way.,neutral
The film presents a non-professional actors in a brilliant manner.,positive
The film explores unsentimental realism in a neutral way.,neutral
The film presents a raw emotions of post-war Italy in a moving manner.,positive
The film presents a social issues through everyday lives in a touching manner.,positive
The film presents a humanistic storytelling in a moving manner.,positive
The portrayal of gritty portrayal of poverty was disappointing.,negative
The film presents a raw emotions of post-war Italy in a touching manner.,positive
The film explores humanistic storytelling in a average way.,neutral
The film explores humanistic storytelling in a okay way.,neutral
The film presents a gritty portrayal of poverty in a touching manner.,positive
The portrayal of humanistic storytelling was predictable.,negative
The film presents a gritty portrayal of poverty in a gripping manner.,positive
The portrayal of unsentimental realism was poor.,negative
The film presents a raw emotions of post-war Italy in a brilliant manner.,positive
The film presents a political themes and class struggle in a gripping manner.,positive
